timestamp,device_id,temperature,humidity,pressure,gas_resistance,co2,absolute_humidity
2025-07-05 09:48:43,P2,27.32004,58.52402,998.3854,25036,565,15.33
2025-07-05 09:49:13,P2,27.95168,58.31137,998.3972,44352,568,15.82
2025-07-05 09:49:44,P2,28.36125,58.04615,998.4022,60339,569,16.1
2025-07-05 09:50:14,P2,28.54563,57.84314,998.4022,72213,572,16.21
2025-07-05 09:50:44,P2,28.66672,57.65001,998.3962,81609,573,16.26
2025-07-05 09:51:14,P2,28.75734,57.34118,998.3963,89269,,16.26
2025-07-05 09:51:45,P2,28.79406,57.49899,998.3914,98703,559,16.33
2025-07-05 09:52:15,P2,28.73273,57.62566,998.4158,104536,552,16.31
2025-07-05 09:52:45,P2,28.79894,57.40502,998.4413,109520,554,16.31
2025-07-05 09:53:15,P2,28.88215,57.30353,998.4445,113673,558,16.36
2025-07-05 09:53:45,P2,28.88723,57.483,998.4557,117291,560,16.41
2025-07-05 10:07:40,P2,26.63684,64.17201,998.3383,51367,500,16.19
2025-07-05 10:08:10,P2,27.28781,61.52346,998.3467,3502476,663,16.09
2025-07-05 10:49:08,P2,25.9009,63.44897,998.3224,27056,500,15.36
2025-07-05 11:02:14,P2,26.67727,66.38454,998.4446,28987,500,16.78
2025-07-05 11:09:45,P2,25.82297,62.37372,998.3745,34798,744,15.04
2025-07-05 11:10:15,P2,26.40441,62.18592,998.3879,62691,698,15.49
2025-07-05 11:10:45,P2,26.70012,61.99416,998.3499,79410,686,15.69
2025-07-05 11:11:16,P2,26.78762,61.89802,998.3392,90456,679,15.75
2025-07-05 11:11:46,P2,26.8134,61.59002,998.3293,102715,679,15.69
2025-07-05 11:12:16,P2,26.82121,61.59789,998.3218,109929,675,15.7
2025-07-05 11:12:46,P2,26.82726,61.49273,998.3494,114929,677,15.68
2025-07-05 11:13:17,P2,26.83234,61.66608,998.351,119349,675,15.73
2025-07-05 11:13:47,P2,26.85168,61.80816,998.3342,123516,673,15.78
2025-07-05 11:14:17,P2,26.87297,61.93721,998.3387,126611,666,15.83
2025-07-05 11:14:47,P2,26.8843,61.89788,998.3395,128824,656,15.83
2025-07-05 11:15:17,P2,26.88742,62.07188,998.3369,131800,646,15.88
2025-07-05 11:15:47,P2,26.91574,62.81389,998.3182,131408,639,16.09
2025-07-05 11:16:17,P2,26.95402,63.93338,998.3102,131898,636,16.41
2025-07-05 11:16:47,P2,26.98801,64.66856,998.3163,132391,634,16.63
2025-07-05 11:17:17,P2,27.02121,65.407,998.3157,132789,636,16.85
2025-07-05 11:17:48,P2,27.06203,65.85139,998.3062,132989,635,17.01
2025-07-05 11:18:18,P2,27.09758,66.36346,998.3141,132789,630,17.17
2025-07-05 11:18:48,P2,27.13059,66.69398,998.3206,133591,628,17.29
2025-07-05 11:19:18,P2,27.16066,67.26802,998.3084,133089,628,17.47
2025-07-05 11:19:48,P2,27.18371,67.45556,998.2891,133189,629,17.54
2025-07-05 11:20:18,P2,27.20812,67.83382,998.2816,133491,628,17.66
2025-07-05 11:20:48,P2,27.23508,68.09703,998.2866,133390,628,17.76
2025-07-05 11:21:19,P2,27.27727,68.94623,998.2842,132391,632,18.02
2025-07-05 11:21:49,P2,27.34426,68.71056,998.2651,132590,806,18.02
2025-07-05 11:22:22,P2,27.39894,68.93773,998.2371,132789,860,18.14
2025-07-05 11:22:49,P2,27.45949,68.26656,998.2637,134098,811,18.02
2025-07-05 11:23:19,P2,27.53938,67.92366,998.2629,133895,778,18.01
2025-07-05 11:23:49,P2,27.59387,67.50282,998.234,134098,761,17.95
2025-07-05 11:24:19,P2,27.63918,67.83772,998.2431,133390,778,18.09
2025-07-05 11:24:49,P2,27.69758,66.95693,998.2358,134200,764,17.91
2025-07-05 11:25:23,P2,27.76164,67.91307,998.2104,133390,742,18.23
2025-07-05 11:25:49,P2,27.83977,67.1443,998.2358,133289,707,18.1
2025-07-05 11:26:19,P2,27.91203,65.61676,998.2377,134098,696,17.76
2025-07-05 11:29:42,P2,28.36535,61.90359,998.2367,71224,,17.18
2025-07-05 11:30:12,P2,29.13098,59.06983,998.2251,104413,,17.09
2025-07-05 11:30:43,P2,29.88195,57.21774,998.222,116672,,17.24
2025-07-05 11:31:13,P2,30.33566,55.8979,998.2133,122236,,17.26
2025-07-05 11:31:43,P2,30.62355,55.14198,998.2095,125979,,17.3
2025-07-05 11:32:13,P2,30.79816,54.36206,998.2195,128730,,17.21
2025-07-05 11:32:43,P2,30.89992,53.91945,998.2084,129389,,17.16
2025-07-05 11:33:14,P2,30.94387,53.67515,998.1898,130535,,17.13
2025-07-05 11:33:44,P2,30.95695,53.2997,998.1813,131800,,17.02
2025-07-05 11:34:14,P2,30.95148,53.04406,998.1653,132789,,16.93
2025-07-05 11:34:44,P2,30.93371,52.84361,998.1821,133089,,16.85
2025-07-05 11:35:14,P2,30.90969,52.6498,998.1921,132989,,16.77
2025-07-05 11:35:45,P2,30.88684,52.50068,998.1699,133895,,16.7
2025-07-05 11:36:15,P2,30.86301,52.44662,998.1696,134098,,16.66
2025-07-05 11:36:45,P2,30.83547,52.29023,998.1614,134608,,16.59
2025-07-05 11:37:15,P2,30.8093,52.23699,998.1594,134608,,16.55
2025-07-05 11:37:44,P2,30.79582,52.1394,998.1478,135433,,16.51
2025-07-05 11:38:14,P2,30.77941,52.03043,998.142,135122,,16.46
2025-07-05 11:38:44,P2,30.77062,51.82578,998.1473,135329,,16.38
2025-07-05 11:39:15,P2,30.75695,51.43338,998.1414,135640,,16.25
2025-07-05 11:39:45,P2,30.75598,51.3192,998.1239,135019,,16.21
2025-07-05 11:54:04,P2,25.50852,73.70003,998.134,42766,,17.46
2025-07-05 11:54:34,P2,26.0882,73.79562,998.1329,76590,,18.06
2025-07-05 11:55:04,P2,26.3675,72.49602,998.1121,97131,,18.02
2025-07-05 11:55:35,P2,26.3468,71.83736,998.0913,109047,,17.83
2025-07-05 11:56:05,P2,26.19699,71.88814,998.0943,117369,,17.7
2025-07-05 11:56:35,P2,26.03566,71.56288,998.0828,123172,,17.46
2025-07-05 11:57:04,P2,25.87043,71.46658,998.0536,128636,,17.27
2025-07-05 11:57:34,P2,25.7218,71.13123,998.05,131603,,17.05
2025-07-05 11:58:05,P2,25.60051,71.23681,998.0339,134404,,16.96
2025-07-05 11:58:35,P2,25.50539,70.95289,998.0341,137006,,16.8
2025-07-05 11:59:05,P2,25.42551,70.80839,998.0209,138726,,16.7
2025-07-05 11:59:35,P2,25.35109,70.59769,998.0209,139491,,16.58
2025-07-05 12:00:05,P2,25.28801,70.42809,998.0115,141727,,16.48
2025-07-05 12:00:36,P2,25.23098,70.20757,998.0115,142872,,16.37
2025-07-05 12:01:06,P2,25.19992,69.9894,997.9975,143801,,16.29
2025-07-05 12:01:36,P2,25.16477,69.80405,997.9826,145936,,16.22
2025-07-05 12:02:06,P2,25.11203,69.69301,997.9846,145098,,16.15
2025-07-05 12:02:37,P2,25.0673,69.37033,997.9711,146299,,16.03
2025-07-05 12:03:07,P2,25.01867,69.49957,997.9699,148137,,16.02
2025-07-05 12:03:37,P2,24.98215,69.24767,997.9632,148510,,15.93
2025-07-05 12:04:07,P2,24.94953,69.29678,997.9608,148137,,15.91
2025-07-05 12:04:38,P2,24.91594,69.16855,997.9479,148885,,15.85
2025-07-05 12:05:08,P2,24.90109,69.03697,997.9227,149640,,15.81
2025-07-05 12:05:38,P2,24.8968,68.81135,997.9379,148759,,15.75
2025-07-05 12:06:08,P2,24.89172,68.84416,997.9114,149514,,15.75
2025-07-05 12:06:38,P2,24.87277,68.34222,997.9169,150660,,15.62
2025-07-05 12:07:09,P2,24.82844,68.26672,997.8917,150660,,15.57
2025-07-05 12:07:39,P2,24.78723,68.11085,997.8728,150917,,15.49
2025-07-05 12:08:09,P2,24.755,68.0239,997.8518,152874,,15.45
2025-07-05 12:08:39,P2,24.72668,67.89798,997.8498,152478,,15.39
2025-07-05 12:09:10,P2,24.72551,67.3567,997.8441,150789,,15.27
2025-07-05 12:09:40,P2,24.75168,67.20517,997.8313,152610,,15.26
2025-07-05 12:10:10,P2,24.78566,67.02818,997.8229,151954,,15.25
2025-07-05 12:10:40,P2,24.81633,66.84217,997.839,152085,,15.23
2025-07-05 12:11:10,P2,24.81887,66.78125,997.8334,151954,,15.22
2025-07-05 12:11:41,P2,24.81379,66.78033,997.8338,152347,,15.21
2025-07-05 12:12:11,P2,24.81203,66.84853,997.8334,152742,,15.23
2025-07-05 12:12:41,P2,24.82844,66.7839,997.8172,152216,,15.23
2025-07-05 12:13:11,P2,24.8423,66.84616,997.8049,151824,,15.25
2025-07-05 12:13:41,P2,24.84211,66.88645,997.7979,151694,,15.26
2025-07-05 12:14:12,P2,24.83566,66.98633,997.8093,151175,,15.28
2025-07-05 12:14:42,P2,24.84055,66.93507,997.7804,151434,,15.27
2025-07-05 12:15:12,P2,24.86047,67.29519,997.7914,150917,,15.37
2025-07-05 12:15:42,P2,24.88996,68.79422,997.7981,148759,,15.74
2025-07-05 12:16:12,P2,24.99602,69.64069,997.8036,147151,,16.03
2025-07-05 12:16:43,P2,25.12199,70.03824,997.8039,145456,,16.23
2025-07-05 12:17:13,P2,25.23781,70.75133,997.7929,144388,,16.51
2025-07-05 12:17:43,P2,25.35031,70.67413,997.795,143801,,16.59
2025-07-05 12:18:13,P2,25.46711,71.20988,997.8032,141161,,16.83
2025-07-05 12:18:43,P2,25.55832,71.59763,997.7788,141049,,17.01
2025-07-05 12:19:14,P2,25.6382,71.91554,997.7734,139381,,17.16
2025-07-05 12:19:44,P2,25.71203,72.21857,997.7749,139272,,17.3
2025-07-05 12:20:14,P2,25.77922,72.56258,997.7607,137968,,17.45
2025-07-05 12:20:44,P2,25.83664,72.74586,997.7536,136900,,17.55
2025-07-05 12:21:14,P2,25.88625,73.08109,997.7194,135433,,17.68
2025-07-05 12:21:45,P2,25.94172,73.22316,997.7372,133996,,17.77
2025-07-05 12:22:15,P2,25.9966,74.0356,997.7537,133089,,18.02
2025-07-05 12:22:45,P2,26.05519,73.79408,997.7618,133089,,18.02
2025-07-05 12:23:15,P2,26.10871,74.09651,997.7501,131800,,18.15
2025-07-05 12:23:45,P2,26.15344,74.15262,997.7593,131213,,18.21
2025-07-05 12:24:16,P2,26.18937,74.09633,997.7368,131116,,18.23
2025-07-05 12:24:46,P2,26.23273,74.0479,997.6984,130055,,18.26
2025-07-05 12:25:16,P2,26.2548,72.73106,997.699,131213,,17.96
2025-07-05 12:25:46,P2,26.20188,71.73834,997.7003,132391,,17.66
2025-07-05 12:26:16,P2,26.06691,71.25778,997.6806,134916,,17.41
2025-07-05 12:26:47,P2,25.93605,70.97514,997.6686,134301,,17.22
2025-07-05 12:27:17,P2,25.84328,70.58214,997.6534,135953,,17.04
2025-07-05 12:27:47,P2,25.77004,70.20534,997.6602,136583,,16.88
2025-07-05 12:28:17,P2,25.68723,69.73811,997.627,137753,,16.69
2025-07-05 12:28:48,P2,25.62082,69.67419,997.6336,138508,,16.61
2025-07-05 12:29:18,P2,25.5757,69.18017,997.6262,138292,,16.45
2025-07-05 12:29:48,P2,25.53645,69.01664,997.5945,139491,,16.37
2025-07-05 12:30:18,P2,25.49367,68.6885,997.6029,140044,,16.26
2025-07-05 12:30:48,P2,25.44602,68.72166,997.6196,140600,,16.22
2025-07-05 12:31:19,P2,25.38684,68.6154,997.6115,140377,,16.14
2025-07-05 12:31:49,P2,25.32824,68.41035,997.611,140936,,16.04
2025-07-05 12:32:19,P2,25.30422,68.039,997.5959,140936,,15.93
2025-07-05 12:32:49,P2,25.28488,68.10388,997.582,142526,,15.93
2025-07-05 12:33:19,P2,25.27785,67.6759,997.5737,141727,,15.83
2025-07-05 12:33:50,P2,25.2798,67.7021,997.5648,142526,,15.83
2025-07-05 12:34:20,P2,25.2632,67.48892,997.5701,142297,,15.77
2025-07-05 12:34:50,P2,25.23449,67.48309,997.538,142411,,15.74
2025-07-05 12:35:20,P2,25.19895,67.15932,997.5288,143219,,15.64
2025-07-05 12:35:50,P2,25.17609,67.3526,997.5047,143335,,15.66
2025-07-05 12:36:21,P2,25.15617,67.13891,997.5101,143335,,15.59
2025-07-05 12:36:51,P2,25.13801,67.18465,997.4764,143451,,15.59
2025-07-05 12:37:21,P2,25.13801,66.96793,997.4727,142987,,15.54
2025-07-05 12:37:51,P2,25.13625,66.89264,997.4454,143801,,15.52
2025-07-05 12:38:22,P2,25.12219,66.82925,997.4453,144506,,15.49
2025-07-05 12:38:52,P2,25.1093,66.77367,997.4138,144388,,15.47
2025-07-05 12:39:22,P2,25.10754,66.6115,997.4227,144388,,15.43
2025-07-05 12:39:52,P2,25.10324,66.69103,997.4031,144742,,15.44
2025-07-05 12:40:22,P2,25.08488,66.70126,997.3922,144506,,15.43
2025-07-05 12:40:53,P2,25.05891,66.83226,997.4147,143801,,15.44
2025-07-05 12:41:23,P2,25.04035,66.83006,997.429,143801,,15.42
2025-07-05 12:41:53,P2,25.03859,66.81045,997.4131,143918,,15.41
2025-07-05 12:42:23,P2,25.0468,66.75055,997.4033,143801,,15.41
2025-07-05 12:42:53,P2,25.05637,66.65809,997.3829,144270,,15.39
2025-07-05 12:43:24,P2,25.07023,66.61224,997.3822,144742,,15.4
2025-07-05 12:43:54,P2,25.0716,66.73421,997.3564,144270,,15.43
2025-07-05 12:44:24,P2,25.08137,66.65531,997.4085,142987,,15.42
2025-07-05 12:44:54,P2,25.09719,66.73179,997.3812,142756,,15.45
2025-07-05 12:45:25,P2,25.10031,66.67739,997.387,144624,,15.44
2025-07-05 12:45:55,P2,25.09465,66.6901,997.3907,143219,,15.44
2025-07-05 12:46:25,P2,25.09504,66.6703,997.3765,143918,,15.43
2025-07-05 12:46:55,P2,25.09914,66.88727,997.3597,142987,,15.48
2025-07-05 12:47:25,P2,25.10168,66.77287,997.3699,142872,,15.46
2025-07-05 12:47:56,P2,25.10031,66.91402,997.3759,143103,,15.49
2025-07-05 12:48:26,P2,25.08957,66.88528,997.3547,142872,,15.48
2025-07-05 12:48:56,P2,25.08098,66.95176,997.3447,142987,,15.48
2025-07-05 12:49:26,P2,25.08078,66.99289,997.3436,142987,,15.49
2025-07-05 12:49:57,P2,25.08957,67.00142,997.3205,141727,,15.5
2025-07-05 12:50:27,P2,25.09621,67.04921,997.3218,142182,,15.52
2025-07-05 12:50:57,P2,25.09426,67.1908,997.3158,141727,,15.55
2025-07-05 12:51:27,P2,25.08332,67.29029,997.2887,141727,,15.56
2025-07-05 12:51:57,P2,25.07238,67.27567,997.2578,142411,,15.55
2025-07-05 12:52:28,P2,25.08293,67.23824,997.2354,141727,,15.55
2025-07-05 12:52:58,P2,25.10598,67.24046,997.2562,141727,,15.57
2025-07-05 12:53:28,P2,25.10383,67.36172,997.2369,141049,,15.6
2025-07-05 12:53:58,P2,25.10754,67.38405,997.2604,141049,,15.61
2025-07-05 12:54:28,P2,25.12824,67.36717,997.2787,141274,,15.62
2025-07-05 12:54:59,P2,25.13547,67.56319,997.2617,140712,,15.67
2025-07-05 12:55:29,P2,25.13137,67.60489,997.265,140266,,15.68
2025-07-05 12:55:59,P2,25.1425,67.63956,997.2865,140712,,15.7
2025-07-05 12:56:29,P2,25.14055,67.74829,997.2759,140155,,15.72
2025-07-05 12:57:00,P2,25.14953,67.77771,997.2969,140377,,15.74
2025-07-05 12:57:30,P2,25.17101,67.76103,997.2791,139712,,15.75
2025-07-05 12:58:00,P2,25.18977,67.84481,997.2699,140044,,15.79
2025-07-05 12:58:30,P2,25.19641,67.95432,997.2805,139272,,15.82
2025-07-05 12:59:00,P2,25.20109,67.94859,997.2709,139491,,15.82
2025-07-05 12:59:31,P2,25.21027,68.03217,997.2541,139491,,15.85
2025-07-05 13:00:01,P2,25.22512,68.08205,997.2712,138943,,15.87
2025-07-05 13:00:31,P2,25.24621,68.05878,997.2466,138943,,15.89
2025-07-05 13:01:01,P2,25.26105,68.16872,997.2369,139162,,15.93
2025-07-05 13:01:31,P2,25.25402,68.18119,997.2154,138617,,15.92
2025-07-05 13:02:02,P2,25.25129,68.21497,997.2227,138508,,15.93
2025-07-05 13:02:32,P2,25.24992,68.3645,997.2377,138834,,15.96
2025-07-05 13:03:02,P2,25.25129,68.33786,997.2288,137539,,15.96
2025-07-05 13:03:32,P2,25.26223,68.38086,997.2157,138184,,15.98
2025-07-05 13:04:03,P2,25.26984,68.44262,997.2142,138400,,16.0
2025-07-05 13:04:33,P2,25.26887,68.46337,997.2101,137646,,16.0
2025-07-05 13:05:03,P2,25.27219,68.44344,997.2065,138400,,16.0
2025-07-05 13:05:33,P2,25.27883,68.48585,997.2039,138076,,16.02
2025-07-05 13:06:03,P2,25.28859,68.49389,997.2121,138076,,16.03
2025-07-05 13:06:34,P2,25.29738,68.47536,997.214,137432,,16.03
2025-07-05 13:07:04,P2,25.31594,68.42973,997.2509,136900,,16.04
2025-07-05 13:07:34,P2,25.31516,68.53873,997.2263,137325,,16.06
2025-07-05 13:08:04,P2,25.31301,68.56549,997.1997,137432,,16.06
2025-07-05 13:08:34,P2,25.30832,68.65351,997.149,137219,,16.08
2025-07-05 13:09:05,P2,25.30891,68.62669,997.1389,137112,,16.08
2025-07-05 13:09:35,P2,25.31105,68.57211,997.1517,137219,,16.06
2025-07-05 13:10:05,P2,25.31613,68.54628,997.1433,137112,,16.06
2025-07-05 13:10:35,P2,25.33234,68.44707,997.1523,136900,,16.05
2025-07-05 13:11:05,P2,25.36301,68.1053,997.1694,137753,,16.0
2025-07-05 13:11:36,P2,25.39133,67.94534,997.1445,137219,,15.99
2025-07-05 13:12:06,P2,25.40168,67.78407,997.1555,136794,,15.96
2025-07-05 13:12:36,P2,25.41066,67.80544,997.1375,136900,,15.97
2025-07-05 13:13:06,P2,25.41789,67.61014,997.1494,136583,,15.93
2025-07-05 13:13:37,P2,25.43059,67.59801,997.1439,135953,,15.94
2025-07-05 13:14:07,P2,25.44113,67.53214,997.1351,136794,,15.94
2025-07-05 13:14:37,P2,25.45109,67.58784,997.1396,135744,,15.96
2025-07-05 13:15:07,P2,25.44836,67.48449,997.1607,136794,,15.93
2025-07-05 13:15:37,P2,25.42922,67.50183,997.1342,136583,,15.92
2025-07-05 13:16:08,P2,25.42082,67.29814,997.1213,136900,,15.86
2025-07-05 13:16:38,P2,25.42258,67.32459,997.1062,136267,,15.87
2025-07-05 13:17:08,P2,25.42199,67.09561,997.0857,136583,,15.82
2025-07-05 13:17:38,P2,25.43527,67.20501,997.0822,136794,,15.85
2025-07-05 13:18:09,P2,25.43059,67.31955,997.0834,137539,,15.88
2025-07-05 13:18:39,P2,25.42199,67.29002,997.0954,137112,,15.86
2025-07-05 13:19:09,P2,25.405,67.22063,997.0931,136689,,15.83
2025-07-05 13:19:39,P2,25.40051,67.18539,997.0975,136900,,15.82
2025-07-05 13:20:09,P2,25.38879,67.17683,997.0928,137219,,15.81
2025-07-05 13:20:40,P2,25.37922,67.189,997.0889,137219,,15.8
2025-07-05 13:21:10,P2,25.38273,67.11609,997.0745,136900,,15.79
2025-07-05 13:21:39,P2,25.39738,67.06412,997.0745,138076,,15.79
2025-07-05 13:22:09,P2,25.40871,67.03878,997.0676,137432,,15.79
2025-07-05 13:22:39,P2,25.41477,67.26959,997.0694,136900,,15.85
2025-07-05 13:23:09,P2,25.41535,67.29021,997.0612,136583,,15.86
2025-07-05 13:23:40,P2,25.4132,67.28915,997.0535,136478,,15.85
2025-07-05 13:24:10,P2,25.4007,67.43559,997.0392,135744,,15.88
2025-07-05 13:24:40,P2,25.37043,67.72263,997.0427,135953,,15.92
2025-07-05 13:25:10,P2,25.33488,67.88666,997.0438,136900,,15.93
2025-07-05 13:25:40,P2,25.29367,68.02264,997.0156,135849,,15.92
2025-07-05 13:26:11,P2,25.25598,68.09853,996.9937,136478,,15.9
2025-07-05 13:26:41,P2,25.22082,68.20813,996.9872,136583,,15.9
2025-07-05 13:27:11,P2,25.20246,68.1058,996.9943,137112,,15.86
2025-07-05 13:27:41,P2,25.21281,68.10609,996.9896,136372,,15.87
2025-07-05 13:28:12,P2,25.20168,68.15193,996.9624,137860,,15.87
2025-07-05 13:28:42,P2,25.19895,68.09124,996.9509,137646,,15.85
2025-07-05 13:29:12,P2,25.21027,68.08653,996.9507,136689,,15.86
2025-07-05 13:29:42,P2,25.22434,68.04105,996.934,136900,,15.86
2025-07-05 13:30:12,P2,25.24484,67.8075,996.9387,136900,,15.83
2025-07-05 13:30:43,P2,25.28898,67.40057,996.95,135953,,15.77
2025-07-05 13:31:13,P2,25.33098,67.1969,996.9332,135849,,15.76
2025-07-05 13:31:43,P2,25.35617,67.28738,996.9376,135433,,15.8
2025-07-05 13:32:13,P2,25.34191,67.4671,996.9231,135849,,15.83
2025-07-05 13:32:43,P2,25.31242,67.65923,996.908,136478,,15.85
2025-07-05 13:33:14,P2,25.29211,67.61636,996.892,136794,,15.82
2025-07-05 13:33:44,P2,25.27727,67.66008,996.8589,136372,,15.82
2025-07-05 13:34:14,P2,25.25344,67.71876,996.8491,136689,,15.81
2025-07-05 13:34:44,P2,25.24836,67.70393,996.858,135640,,15.81
2025-07-05 13:35:14,P2,25.24699,67.60993,996.8352,136689,,15.78
2025-07-05 13:35:45,P2,25.24641,67.68264,996.845,136267,,15.8
2025-07-05 13:36:15,P2,25.2302,67.74281,996.815,135953,,15.8
2025-07-05 13:36:45,P2,25.24016,67.63577,996.8016,136478,,15.78
2025-07-05 13:37:15,P2,25.24543,67.59522,996.8068,136478,,15.78
2025-07-05 13:37:45,P2,25.24523,67.5482,996.8148,135329,,15.77
2025-07-05 13:38:16,P2,25.25383,67.53623,996.8176,135640,,15.77
2025-07-05 13:38:46,P2,25.26105,67.5163,996.8176,135849,,15.77
2025-07-05 13:39:16,P2,25.25461,67.47424,996.7857,135536,,15.76
2025-07-05 13:39:46,P2,25.2509,67.50163,996.801,134916,,15.76
2025-07-05 13:40:17,P2,25.25559,67.45442,996.7911,136267,,15.75
2025-07-05 13:40:47,P2,25.25246,67.63694,996.7822,135849,,15.79
2025-07-05 13:41:17,P2,25.24426,67.62172,996.7651,135019,,15.78
2025-07-05 13:41:47,P2,25.22844,67.63249,996.7449,136058,,15.77
2025-07-05 13:42:17,P2,25.21848,67.5845,996.7463,136162,,15.75
2025-07-05 13:42:48,P2,25.2218,67.59782,996.7658,136372,,15.76
2025-07-05 13:43:17,P2,25.2091,67.63594,996.7419,135849,,15.75
2025-07-05 13:43:47,P2,25.18977,67.68756,996.7344,136900,,15.75
2025-07-05 13:44:17,P2,25.17922,67.71348,996.7523,135640,,15.75
2025-07-05 13:44:47,P2,25.17961,67.57153,996.7413,136267,,15.71
2025-07-05 13:45:18,P2,25.18977,67.57996,996.7466,136267,,15.72
2025-07-05 13:45:48,P2,25.19602,67.57333,996.7276,136372,,15.73
2025-07-05 13:46:18,P2,25.19035,67.58642,996.7271,136267,,15.73
2025-07-05 13:46:48,P2,25.19445,67.54683,996.7299,135849,,15.72
2025-07-05 13:47:19,P2,25.2009,67.55412,996.716,135640,,15.73
2025-07-05 13:47:49,P2,25.20774,67.39351,996.6843,135744,,15.7
2025-07-05 13:48:19,P2,25.21535,67.46075,996.6687,135536,,15.72
2025-07-05 13:48:49,P2,25.20266,67.45258,996.6518,136058,,15.71
2025-07-05 13:49:19,P2,25.2009,67.45224,996.6703,135640,,15.7
2025-07-05 13:49:50,P2,25.19406,67.54566,996.6597,135953,,15.72
2025-07-05 13:50:20,P2,25.18742,67.4708,996.6501,136267,,15.7
2025-07-05 13:50:50,P2,25.19387,67.37018,996.6459,134813,,15.68
2025-07-05 13:51:20,P2,25.1966,67.39734,996.6066,135744,,15.69
2025-07-05 13:51:50,P2,25.19387,67.29552,996.5993,135536,,15.66
2025-07-05 13:52:21,P2,25.19797,67.479,996.5962,135433,,15.71
2025-07-05 13:52:51,P2,25.19641,67.41071,996.6047,135953,,15.69
2025-07-05 13:53:21,P2,25.18937,67.40271,996.6002,135536,,15.68
2025-07-05 13:53:51,P2,25.19035,67.35655,996.5887,136058,,15.67
2025-07-05 13:54:21,P2,25.19602,67.41725,996.5775,135329,,15.69
2025-07-05 13:54:52,P2,25.18918,67.30768,996.5734,135744,,15.66
2025-07-05 13:55:21,P2,25.18937,67.29503,996.5876,136372,,15.66
2025-07-05 13:55:51,P2,25.19406,67.3424,996.5773,135019,,15.67
2025-07-05 13:56:21,P2,25.1925,67.41756,996.5667,135849,,15.69
2025-07-05 13:56:51,P2,25.19953,67.36415,996.5601,134916,,15.68
2025-07-05 13:57:22,P2,25.18996,67.4426,996.5463,135433,,15.69
2025-07-05 13:57:52,P2,25.16496,67.44571,996.5594,135226,,15.67
2025-07-05 13:58:22,P2,25.14855,67.50463,996.5546,135953,,15.67
2025-07-05 13:58:52,P2,25.15012,67.31609,996.5531,135640,,15.63
2025-07-05 13:59:23,P2,25.16379,67.37238,996.5573,135433,,15.65
2025-07-05 13:59:53,P2,25.17512,67.29958,996.5377,135433,,15.65
2025-07-05 14:00:23,P2,25.18488,67.52484,996.5506,135122,,15.71
2025-07-05 14:00:53,P2,25.19074,67.39653,996.5418,135433,,15.68
2025-07-05 14:01:23,P2,25.19191,67.36955,996.5391,135122,,15.68
2025-07-05 14:01:54,P2,25.19484,67.30221,996.5372,135019,,15.66
2025-07-05 14:02:24,P2,25.19602,67.30254,996.5182,135329,,15.67
2025-07-05 14:02:54,P2,25.20559,67.20935,996.5007,134813,,15.65
2025-07-05 14:03:24,P2,25.205,67.28289,996.5042,134813,,15.67
2025-07-05 14:03:54,P2,25.19035,67.35474,996.4816,135329,,15.67
2025-07-05 14:04:25,P2,25.16809,67.54076,996.4698,135640,,15.7
2025-07-05 14:04:55,P2,25.1634,67.34622,996.4761,134506,,15.65
2025-07-05 14:05:25,P2,25.19035,67.29509,996.4641,135019,,15.66
2025-07-05 14:05:55,P2,25.19191,67.25372,996.4584,134916,,15.65
2025-07-05 14:06:26,P2,25.17922,67.32655,996.4551,135122,,15.66
2025-07-05 14:06:56,P2,25.17902,67.40883,996.429,135019,,15.68
2025-07-05 14:07:26,P2,25.18723,67.47668,996.4381,135226,,15.7
2025-07-05 14:07:56,P2,25.18566,67.33556,996.4265,134608,,15.66
2025-07-05 14:08:26,P2,25.19895,67.43858,996.4291,133895,,15.7
2025-07-05 14:08:57,P2,25.19348,67.43016,996.423,134813,,15.69
2025-07-05 14:09:27,P2,25.18664,67.41677,996.431,135122,,15.68
2025-07-05 14:09:57,P2,25.19699,67.41794,996.4261,135019,,15.69
2025-07-05 14:10:27,P2,25.19914,67.3979,996.4141,134916,,15.69
2025-07-05 14:10:57,P2,25.20051,67.39118,996.4425,133895,,15.69
2025-07-05 14:11:28,P2,25.19836,67.37029,996.4457,134506,,15.68
2025-07-05 14:11:58,P2,25.18977,67.47749,996.4324,135329,,15.7
2025-07-05 14:12:28,P2,25.1841,67.3411,996.4013,133692,,15.66
2025-07-05 14:12:58,P2,25.18625,67.3689,996.4384,134301,,15.67
2025-07-05 14:13:29,P2,25.18996,67.38947,996.4671,134506,,15.68
2025-07-05 14:13:59,P2,25.18742,67.36871,996.4498,133390,,15.67
2025-07-05 14:14:29,P2,25.18684,67.44351,996.4286,133491,,15.69
2025-07-05 14:14:59,P2,25.19738,67.40536,996.4439,133895,,15.69
2025-07-05 14:15:29,P2,25.21574,67.26515,996.4739,132989,,15.67
2025-07-05 14:16:00,P2,25.22707,67.30165,996.4857,134098,,15.69
2025-07-05 14:16:30,P2,25.24895,67.00001,996.4427,133996,,15.64
2025-07-05 14:17:00,P2,25.25402,66.28979,996.4312,135226,,15.48
2025-07-05 14:17:30,P2,25.20754,65.98195,996.4438,136900,,15.37
2025-07-05 14:18:00,P2,25.11867,65.85442,996.4559,136583,,15.26
2025-07-05 14:18:31,P2,25.0423,65.62617,996.4539,138400,,15.14
2025-07-05 14:19:01,P2,24.97395,65.82002,996.4285,137325,,15.13
2025-07-05 14:19:31,P2,24.93234,65.30032,996.4256,137753,,14.98
2025-07-05 14:20:01,P2,24.88703,65.20905,996.4434,139381,,14.92
2025-07-05 14:20:31,P2,24.85793,65.05389,996.4153,138400,,14.86
2025-07-05 14:21:02,P2,24.81281,64.89577,996.4276,139162,,14.78
2025-07-05 14:21:32,P2,24.84172,64.54877,996.4121,137968,,14.73
2025-07-05 14:22:02,P2,24.92473,64.19444,996.4133,137432,,14.72
2025-07-05 14:22:32,P2,25.02024,63.82251,996.4172,137219,,14.71
2025-07-05 14:23:03,P2,25.11652,63.66371,996.4498,137432,,14.75
2025-07-05 14:23:33,P2,25.19543,63.25533,996.4606,136583,,14.72
2025-07-05 14:24:03,P2,25.2468,63.22207,996.462,135953,,14.76
2025-07-05 14:24:33,P2,25.2759,63.13983,996.4781,137006,,14.76
2025-07-05 14:25:03,P2,25.30988,63.02596,996.4787,136689,,14.76
2025-07-05 14:25:34,P2,25.35031,62.85242,996.4768,136900,,14.76
2025-07-05 14:26:04,P2,25.37609,62.84856,996.4786,135433,,14.78
2025-07-05 14:26:34,P2,25.38684,62.77726,996.5051,136058,,14.77
2025-07-05 14:27:04,P2,25.39641,62.76538,996.5046,135640,,14.77
2025-07-05 14:27:34,P2,25.40871,62.75465,996.5074,135744,,14.78
2025-07-05 14:28:05,P2,25.43156,62.77131,996.4866,135329,,14.81
2025-07-05 14:28:35,P2,25.45305,62.60861,996.4531,135122,,14.78
2025-07-05 14:29:05,P2,25.46887,62.63691,996.4645,135226,,14.8
2025-07-05 14:29:35,P2,25.47375,62.54497,996.4613,135019,,14.79
2025-07-05 14:30:05,P2,25.4759,62.62406,996.4464,135226,,14.81
2025-07-05 14:30:36,P2,25.46926,62.60344,996.4673,135226,,14.8
2025-07-05 14:31:06,P2,25.47648,62.54607,996.4716,134916,,14.79
2025-07-05 14:31:36,P2,25.4968,62.46854,996.4893,134711,,14.79
2025-07-05 14:32:06,P2,25.50031,62.4956,996.5045,134711,,14.8
2025-07-05 14:32:37,P2,25.50441,62.33777,996.4913,135640,,14.76
2025-07-05 14:33:07,P2,25.50695,62.41629,996.5037,135226,,14.78
2025-07-05 14:33:37,P2,25.5009,62.31083,996.5104,135329,,14.75
2025-07-05 14:34:07,P2,25.51613,62.2002,996.4755,134813,,14.74
2025-07-05 14:34:38,P2,25.52336,61.96275,996.4839,134711,,14.69
2025-07-05 14:35:08,P2,25.52219,62.03536,996.4712,134813,,14.71
2025-07-05 14:35:38,P2,25.5175,61.93501,996.4581,134916,,14.68
2025-07-05 14:36:08,P2,25.5048,61.84697,996.4662,134200,,14.65
2025-07-05 14:36:38,P2,25.49582,61.91194,996.4498,134813,,14.66
2025-07-05 14:37:09,P2,25.48899,61.85829,996.4633,135849,,14.64
2025-07-05 14:37:39,P2,25.49211,61.70755,996.4504,134506,,14.6
2025-07-05 14:38:09,P2,25.49621,61.72,996.4495,134813,,14.61
2025-07-05 14:38:39,P2,25.48469,61.67931,996.4671,135019,,14.59
2025-07-05 14:39:10,P2,25.47492,61.65725,996.4936,135433,,14.58
2025-07-05 14:39:40,P2,25.46516,61.81557,996.4713,135122,,14.61
2025-07-05 14:40:10,P2,25.47043,61.66415,996.4709,135433,,14.58
2025-07-05 14:40:40,P2,25.48469,61.56207,996.4366,134711,,14.56
2025-07-05 14:41:10,P2,25.50324,61.55624,996.4521,134711,,14.58
2025-07-05 14:41:41,P2,25.49328,61.63432,996.4671,134916,,14.59
2025-07-05 14:42:11,P2,25.48351,61.71807,996.4617,135226,,14.6
2025-07-05 14:42:41,P2,25.48762,61.64199,996.4331,134916,,14.58
2025-07-05 14:43:11,P2,25.51672,61.62502,996.4532,134608,,14.6
2025-07-05 14:43:41,P2,25.53078,61.68752,996.4631,135640,,14.63
2025-07-05 14:44:12,P2,25.55031,61.62364,996.4366,134711,,14.63
2025-07-05 14:44:42,P2,25.55871,61.68468,996.4247,135536,,14.65
2025-07-05 14:45:12,P2,25.57004,61.53453,996.4122,134813,,14.63
2025-07-05 14:45:42,P2,25.59094,61.30783,996.3915,134301,,14.59
2025-07-05 14:46:13,P2,25.61789,61.09339,996.413,134200,,14.56
2025-07-05 14:46:43,P2,25.63,61.18026,996.3844,135019,,14.59
2025-07-05 14:47:13,P2,25.6175,61.15765,996.3723,134813,,14.58
2025-07-05 14:47:43,P2,25.60676,61.24306,996.3663,134098,,14.59
2025-07-05 14:48:13,P2,25.6091,61.17023,996.3472,134506,,14.57
2025-07-05 14:48:44,P2,25.59914,61.22124,996.342,135329,,14.58
2025-07-05 14:49:14,P2,25.57863,61.34248,996.363,133794,,14.59
2025-07-05 14:49:44,P2,25.56203,61.43436,996.3715,134506,,14.6
2025-07-05 14:50:14,P2,25.56789,61.28233,996.3201,134813,,14.56
2025-07-05 14:50:44,P2,25.56691,61.33654,996.3094,134200,,14.58
2025-07-05 14:51:15,P2,25.58391,61.10803,996.3284,134200,,14.54
2025-07-05 14:51:45,P2,25.58977,61.24024,996.3392,134813,,14.57
2025-07-05 14:52:15,P2,25.58625,61.21289,996.3275,134813,,14.56
2025-07-05 14:52:45,P2,25.57199,61.36832,996.3008,134608,,14.59
2025-07-05 14:53:15,P2,25.55871,61.2417,996.318,135433,,14.55
2025-07-05 14:53:46,P2,25.55949,61.36809,996.3293,134098,,14.58
2025-07-05 14:54:16,P2,25.56965,61.21748,996.3393,133996,,14.55
2025-07-05 14:54:46,P2,25.57981,60.99627,996.3228,134916,,14.51
2025-07-05 14:55:16,P2,25.58371,60.8359,996.3271,135019,,14.47
2025-07-05 14:55:47,P2,25.54777,60.9891,996.325,135122,,14.48
2025-07-05 14:56:17,P2,25.5175,60.88519,996.329,135433,,14.43
2025-07-05 14:56:47,P2,25.49172,60.89614,996.3391,135329,,14.41
2025-07-05 14:57:17,P2,25.49387,60.65984,996.3358,135433,,14.36
2025-07-05 14:57:47,P2,25.50285,60.9712,996.3672,135536,,14.44
2025-07-05 14:58:18,P2,25.52473,60.89513,996.356,135226,,14.44
2025-07-05 14:58:48,P2,25.53859,60.95602,996.3558,135226,,14.46
2025-07-05 14:59:18,P2,25.53449,60.91487,996.3229,135329,,14.45
2025-07-05 14:59:48,P2,25.52082,60.93961,996.2958,135226,,14.45
2025-07-05 15:00:19,P2,25.52121,60.80888,996.2949,135019,,14.41
2025-07-05 15:00:49,P2,25.52668,61.01979,996.296,134608,,14.47
2025-07-05 15:01:19,P2,25.53098,60.9552,996.2918,134813,,14.46
2025-07-05 15:01:49,P2,25.54816,61.01757,996.2924,135122,,14.49
2025-07-05 15:02:19,P2,25.56652,60.97359,996.3083,134608,,14.49
2025-07-05 15:02:50,P2,25.56711,61.10468,996.2916,134506,,14.52
2025-07-05 15:03:20,P2,25.57043,61.0209,996.2791,133895,,14.5
2025-07-05 15:03:50,P2,25.5843,61.06155,996.2743,133794,,14.53
2025-07-05 15:04:20,P2,25.5925,60.92523,996.2784,135433,,14.5
2025-07-05 15:04:50,P2,25.60617,61.0062,996.2754,133692,,14.53
2025-07-05 15:05:21,P2,25.62043,61.0413,996.2944,134200,,14.55
2025-07-05 15:05:51,P2,25.63723,61.12876,996.2831,133895,,14.58
2025-07-05 15:06:21,P2,25.64269,61.01834,996.2896,133390,,14.56
2025-07-05 15:06:51,P2,25.6509,61.18299,996.2794,133895,,14.61
2025-07-05 15:07:21,P2,25.65051,61.05908,996.2738,133996,,14.58
2025-07-05 15:07:52,P2,25.65949,61.23687,996.2878,133996,,14.63
2025-07-05 15:08:22,P2,25.65266,61.2432,996.3449,133996,,14.62
2025-07-05 15:08:52,P2,25.6673,61.22651,996.3283,134301,,14.63
2025-07-05 15:09:22,P2,25.68957,61.05189,996.3646,133390,,14.61
2025-07-05 15:09:52,P2,25.69836,61.19018,996.3019,133189,,14.65
2025-07-05 15:10:23,P2,25.69797,61.00048,996.2949,133089,,14.6
2025-07-05 15:10:53,P2,25.70441,61.11189,996.2965,133289,,14.64
2025-07-05 15:11:23,P2,25.69328,61.13724,996.2996,132194,,14.63
2025-07-05 15:11:53,P2,25.69738,61.04618,996.3374,133491,,14.61
2025-07-05 15:12:23,P2,25.70793,60.97471,996.3298,133289,,14.61
2025-07-05 15:12:54,P2,25.69641,61.09061,996.3206,133692,,14.62
2025-07-05 15:13:24,P2,25.68117,61.05584,996.336,132989,,14.6
2025-07-05 15:13:54,P2,25.66828,61.15248,996.3201,132989,,14.62
2025-07-05 15:14:24,P2,25.6673,61.04214,996.3226,133591,,14.59
2025-07-05 15:14:55,P2,25.67883,61.03564,996.3289,133895,,14.6
2025-07-05 15:15:25,P2,25.67394,61.04895,996.3006,133189,,14.6
2025-07-05 15:15:55,P2,25.68156,61.07608,996.2937,133289,,14.61
2025-07-05 15:16:25,P2,25.67492,61.14025,996.3017,132989,,14.62
2025-07-05 15:16:55,P2,25.65695,61.20352,996.2899,132989,,14.62
2025-07-05 15:17:26,P2,25.65656,61.13919,996.262,133692,,14.6
2025-07-05 15:17:56,P2,25.67199,61.12064,996.2672,133491,,14.61
2025-07-05 15:18:26,P2,25.67785,61.03673,996.2785,133591,,14.6
2025-07-05 15:18:56,P2,25.69367,60.96675,996.3022,133794,,14.59
2025-07-05 15:19:26,P2,25.71066,61.17953,996.291,132391,,14.66
2025-07-05 15:19:57,P2,25.70695,61.27018,996.2444,132789,,14.68
2025-07-05 15:20:27,P2,25.70285,61.07384,996.2385,132590,,14.63
2025-07-05 15:20:57,P2,25.72434,60.91866,996.2792,132590,,14.61
2025-07-05 15:21:27,P2,25.73391,61.0711,996.2797,132789,,14.65
2025-07-05 15:21:57,P2,25.72746,61.20077,996.2527,132590,,14.68
2025-07-05 15:22:28,P2,25.72082,61.18845,996.2385,132194,,14.67
2025-07-05 15:22:58,P2,25.73508,61.09086,996.2388,133189,,14.66
2025-07-05 15:23:28,P2,25.7425,60.99391,996.2418,132989,,14.64
2025-07-05 15:23:58,P2,25.75324,61.05999,996.2255,132689,,14.66
2025-07-05 15:24:28,P2,25.74152,61.16409,996.2428,132095,,14.68
2025-07-05 15:24:59,P2,25.73254,61.06921,996.2475,132491,,14.65
2025-07-05 15:25:29,P2,25.71105,61.21886,996.2369,132194,,14.67
2025-07-05 15:25:59,P2,25.70949,61.06067,996.2639,131996,,14.63
2025-07-05 15:26:29,P2,25.71164,61.07438,996.2426,132391,,14.63
2025-07-05 15:27:00,P2,25.71906,60.89817,996.239,132491,,14.6
2025-07-05 15:27:30,P2,25.73039,60.99826,996.2405,132590,,14.63
2025-07-05 15:28:00,P2,25.72688,60.95052,996.2699,132590,,14.62
2025-07-05 15:28:30,P2,25.71301,61.11341,996.2594,132194,,14.64
2025-07-05 15:29:01,P2,25.70441,60.98643,996.264,132789,,14.61
2025-07-05 15:29:30,P2,25.68664,61.05671,996.2509,132292,,14.61
2025-07-05 15:30:00,P2,25.67746,60.98282,996.2649,132491,,14.58
2025-07-05 15:30:30,P2,25.67394,61.04246,996.2106,132491,,14.59
2025-07-05 15:31:00,P2,25.68098,60.8652,996.2209,132391,,14.56
2025-07-05 15:31:30,P2,25.67434,60.98879,996.2263,132491,,14.58
2025-07-05 15:32:01,P2,25.66672,60.76468,996.2296,131996,,14.52
2025-07-05 15:32:31,P2,25.67121,60.79844,996.2156,132491,,14.53
2025-07-05 15:33:01,P2,25.67805,60.68769,996.2081,131898,,14.51
2025-07-05 15:33:31,P2,25.68918,60.66373,996.1892,131996,,14.52
2025-07-05 15:34:01,P2,25.70559,60.54089,996.1942,131800,,14.5
2025-07-05 15:34:32,P2,25.70285,60.67703,996.219,131996,,14.53
2025-07-05 15:35:02,P2,25.68449,60.6357,996.2131,133390,,14.51
2025-07-05 15:35:32,P2,25.68957,60.70259,996.1982,131898,,14.53
2025-07-05 15:36:02,P2,25.69738,60.63173,996.2076,132889,,14.51
2025-07-05 15:36:33,P2,25.70344,60.70434,996.1981,131898,,14.54
2025-07-05 15:37:03,P2,25.70031,60.7096,996.2151,131213,,14.54
2025-07-05 15:37:33,P2,25.68918,60.82071,996.1931,131800,,14.55
2025-07-05 15:38:03,P2,25.70129,60.52157,996.1844,131898,,14.49
2025-07-05 15:38:33,P2,25.71984,60.66748,996.153,132194,,14.54
2025-07-05 15:39:04,P2,25.71672,60.57486,996.1627,131898,,14.52
2025-07-05 15:39:34,P2,25.70852,60.70446,996.189,131506,,14.54
2025-07-05 15:40:04,P2,25.69992,60.71734,996.182,131506,,14.54
2025-07-05 17:16:01,P2,26.97551,56.69046,995.9899,13375,500,14.57
2025-07-05 17:16:31,P2,28.36144,55.68891,996.0001,13673,713,15.45
2025-07-05 17:17:19,P2,26.62473,57.61758,996.0785,13801,500,14.52
2025-07-05 17:17:48,P2,27.31437,58.17745,996.027,13767,500,15.24
2025-07-05 17:18:18,P2,26.91691,58.73524,996.0126,13682,636,15.05
2025-07-05 17:18:48,P2,26.86457,59.3449,996.0162,13539,592,15.16
2025-07-05 17:19:18,P2,26.45774,60.84341,996.0023,13498,594,15.2
2025-07-05 17:19:48,P2,26.3716,60.76918,996.0183,13392,604,15.11
2025-07-05 17:20:18,P2,26.24289,60.6974,995.971,13295,615,14.98
2025-07-05 17:20:49,P2,26.68918,61.26262,996.0096,13145,618,15.5
2025-07-05 17:21:18,P2,26.10539,61.94884,996.0131,13129,620,15.17
2025-07-05 17:21:48,P2,26.06535,61.66306,995.9903,13044,622,15.07
2025-07-05 17:22:18,P2,26.10246,61.29541,995.9963,12967,629,15.01
2025-07-05 17:22:48,P2,25.99719,62.48323,995.9836,12877,635,15.21
2025-07-05 17:23:18,P2,25.98801,62.02611,996.0161,12817,632,15.09
2025-07-05 17:23:48,P2,25.99367,61.51945,995.9676,12758,636,14.97
2025-07-05 17:24:19,P2,26.52043,61.81143,996.0053,12663,630,15.49
2025-07-05 17:24:48,P2,25.97316,62.35419,995.9922,12641,633,15.16
2025-07-05 17:25:18,P2,26.03977,61.79111,995.9888,12576,637,15.08
2025-07-05 17:25:48,P2,26.09289,61.26211,995.9698,12562,645,14.99
2025-07-05 17:26:18,P2,26.16203,61.04526,995.9697,12442,645,15.0
2025-07-05 17:26:48,P2,26.37082,59.82076,995.9639,12393,647,14.87
2025-07-05 17:27:18,P2,26.51945,58.95992,995.9972,12365,642,14.78
2025-07-05 17:27:49,P2,27.1216,59.29744,995.9621,12235,633,15.37
2025-07-05 17:28:18,P2,26.60851,59.53838,995.9688,12188,620,15.0
2025-07-05 17:28:48,P2,26.66184,58.71599,995.9611,12181,615,14.83
2025-07-05 17:29:18,P2,26.81672,58.18062,996.0097,12141,613,14.82
2025-07-05 17:29:48,P2,26.68918,59.44662,995.9749,12029,612,15.04
2025-07-05 17:30:18,P2,26.75129,58.85574,995.9714,12036,613,14.94
2025-07-05 17:30:48,P2,26.77941,58.24796,995.9893,12016,610,14.81
2025-07-05 17:31:19,P2,27.36477,58.43867,995.9902,11932,609,15.35
2025-07-05 17:31:48,P2,26.82726,58.93727,996.0086,11855,609,15.03
2025-07-05 17:32:18,P2,26.83332,58.66721,996.0119,11874,612,14.96
2025-07-05 17:32:48,P2,26.82883,58.54666,996.0281,11893,611,14.93
2025-07-05 17:33:18,P2,26.71945,59.69149,996.0212,11176,613,15.13
2025-07-05 17:33:48,P2,26.73059,59.20504,996.0332,11199,612,15.01
2025-07-05 17:34:18,P2,26.78918,58.7186,996.054,11210,607,14.94
2025-07-05 17:34:49,P2,27.31652,58.86839,996.0295,11153,612,15.42
2025-07-05 17:35:18,P2,26.78703,59.31691,996.0317,11086,606,15.09
2025-07-05 17:35:48,P2,26.76731,58.8399,996.032,11131,604,14.95
2025-07-05 17:36:18,P2,26.83527,58.47572,996.0268,11142,601,14.91
2025-07-05 17:36:48,P2,26.69914,59.38062,996.0405,11053,606,15.03
2025-07-05 17:37:18,P2,26.7218,58.79338,996.0653,11064,611,14.9
2025-07-05 17:37:48,P2,26.73313,58.34512,996.0441,11097,609,14.8
2025-07-05 17:38:19,P2,27.27668,58.59531,996.093,11064,618,15.31
2025-07-05 17:38:48,P2,26.68977,59.14346,996.0778,10998,618,14.96
2025-07-05 17:39:18,P2,26.67863,58.76184,996.0634,11020,621,14.86
2025-07-05 17:39:48,P2,26.74113,58.11749,996.0873,11053,626,14.75
2025-07-05 17:40:18,P2,26.65676,59.14608,996.089,10932,629,14.94
2025-07-05 17:40:48,P2,26.64953,58.54042,996.1029,10976,623,14.78
2025-07-05 17:41:18,P2,26.65988,58.05521,996.101,10976,618,14.66
2025-07-05 17:41:49,P2,27.18703,58.23602,996.1183,10976,623,15.14
2025-07-05 17:42:18,P2,26.60324,58.78573,996.0787,10911,626,14.8
2025-07-05 17:42:48,P2,26.57238,58.36852,996.1047,10932,629,14.67
2025-07-05 17:43:18,P2,26.62316,58.13974,996.146,10932,631,14.65
2025-07-05 17:43:48,P2,26.51769,59.37272,996.117,10825,626,14.88
2025-07-05 17:44:18,P2,26.53215,58.97974,996.1372,10836,629,14.79
2025-07-05 17:44:48,P2,26.57883,59.28177,996.13,10793,630,14.91
2025-07-05 17:45:19,P2,27.13879,59.3721,996.1417,10709,640,15.4
2025-07-05 17:45:48,P2,26.60188,59.44414,996.1389,10627,651,14.97
2025-07-05 17:46:18,P2,26.59328,60.55686,996.1886,10576,652,15.24
2025-07-05 17:46:48,P2,26.75852,61.0536,996.1485,10607,650,15.51
2025-07-05 17:47:18,P2,26.70305,62.29145,996.1356,10446,645,15.77
2025-07-05 17:47:48,P2,26.62473,61.12208,996.1898,10496,636,15.41
2025-07-05 17:48:18,P2,26.52863,60.56343,996.2081,10536,636,15.19
2025-07-05 17:48:49,P2,26.90266,60.42433,996.2088,10586,634,15.47
2025-07-05 17:49:18,P2,26.33352,60.96618,996.175,10416,636,15.12
2025-07-05 17:49:48,P2,26.27238,60.4269,996.157,10436,636,14.94
2025-07-05 17:50:18,P2,26.24562,60.18589,996.2071,10496,636,14.86
2025-07-05 17:50:48,P2,26.14621,61.20204,996.1847,10348,634,15.02
2025-07-05 17:51:18,P2,26.11711,60.69949,996.1703,10377,636,14.88
2025-07-05 17:51:48,P2,26.07199,60.06856,996.1866,10416,634,14.68
2025-07-05 17:52:19,P2,26.57277,60.41527,996.2139,10456,641,15.19
2025-07-05 17:52:48,P2,26.04894,60.92374,996.1769,10290,644,14.87
2025-07-05 17:53:18,P2,26.05715,60.35904,996.1835,10338,651,14.74
2025-07-05 17:53:48,P2,26.12434,59.83431,996.1626,10367,647,14.67
2025-07-05 17:54:18,P2,26.00832,60.85284,996.1951,10223,643,14.82
2025-07-05 17:54:48,P2,26.03781,60.45027,996.2015,10271,645,14.75
2025-07-05 17:55:18,P2,26.01086,60.08717,996.2138,10300,649,14.64
2025-07-05 17:55:49,P2,26.5259,60.45414,996.2251,10348,658,15.16
2025-07-05 17:56:18,P2,25.9802,60.90154,996.1599,10204,653,14.81
2025-07-05 17:56:48,P2,26.00031,60.34256,996.1479,10223,650,14.69
2025-07-05 17:57:18,P2,26.01438,60.05333,996.1566,10280,650,14.63
2025-07-05 17:57:48,P2,25.92394,61.22221,996.1481,10139,650,14.84
2025-07-05 17:58:18,P2,25.89328,60.83727,996.135,10185,657,14.72
2025-07-05 17:58:48,P2,25.98488,60.01244,996.1591,10252,649,14.6
2025-07-05 17:59:19,P2,26.6675,59.9964,996.1983,10233,650,15.16
2025-07-05 17:59:48,P2,26.12687,60.39257,996.1629,10092,650,14.81
2025-07-05 18:00:18,P2,26.13039,59.9236,996.1415,10120,654,14.7
